{
  "eth_hotel": {
    "dataset_name": "eth_hotel",
    "num_pedestrians": 389,
    "num_frames": 1137,
    "duration_seconds": 722.0,
    "speed_mean": 1.2898012520063773,
    "speed_std": 0.5306792615996333,
    "speed_median": 1.4160421853267648,
    "speed_p25": 1.0167122764700933,
    "speed_p75": 1.6582763076459837,
    "speed_p95": 1.9782995381134771,
    "collision_rate": 0.0010111871479537703,
    "near_miss_rate": 0.008887053243988065,
    "total_collisions": 284,
    "total_near_misses": 2496,
    "mean_density": 0.05837081026325448,
    "mean_flow": 0.07332554346652254,
    "path_efficiency_mean": 0.9099134806304687,
    "path_efficiency_std": 0.2305430626173155,
    "heading_jerk_mean": 0.5178484407767675,
    "heading_jerk_std": 0.39806039022752937,
    "speed_variability_mean": 0.1552690119116195,
    "speed_variability_std": 0.16328806194966577,
    "acceleration_mean": 0.4843843183177079,
    "acceleration_std": 0.4618596794357351,
    "min_inter_agent_dist_mean": 1.652289538034937,
    "min_inter_agent_dist_std": 1.3651893184588129,
    "min_inter_agent_dist_p5": 0.5086329420984673,
    "min_inter_agent_dist_p25": 0.752392882741457,
    "num_groups": 41,
    "group_size_mean": 2.073170731707317,
    "group_cohesion_mean": 0.7259387223650708,
    "group_cohesion_std": 0.17212259387378506,
    "group_speed_std_mean": 0.06018171462981461
  },
  "eth_univ": {
    "dataset_name": "eth_univ",
    "num_pedestrians": 360,
    "num_frames": 1448,
    "duration_seconds": 773.4000000000001,
    "speed_mean": 1.4588710440548227,
    "speed_std": 0.4100356065560344,
    "speed_median": 1.491968309816305,
    "speed_p25": 1.2806139579779123,
    "speed_p75": 1.699038934755482,
    "speed_p95": 2.00706368804211,
    "collision_rate": 0.0004309973278165675,
    "near_miss_rate": 0.013856564089302645,
    "total_collisions": 120,
    "total_near_misses": 3858,
    "mean_density": 0.0540088122664227,
    "mean_flow": 0.08000573583449005,
    "path_efficiency_mean": 0.9661210113414251,
    "path_efficiency_std": 0.09835746361383114,
    "heading_jerk_mean": 0.4673077872675037,
    "heading_jerk_std": 0.274597142931803,
    "speed_variability_mean": 0.16305305550296895,
    "speed_variability_std": 0.12496437014763694,
    "acceleration_mean": 0.7357680360807072,
    "acceleration_std": 0.7379700017360072,
    "min_inter_agent_dist_mean": 1.8810892383360045,
    "min_inter_agent_dist_std": 1.7799995683808043,
    "min_inter_agent_dist_p5": 0.5979523894090569,
    "min_inter_agent_dist_p25": 0.8120549365652545,
    "num_groups": 61,
    "group_size_mean": 2.737704918032787,
    "group_cohesion_mean": 1.0396643891819413,
    "group_cohesion_std": 0.5535197841312735,
    "group_speed_std_mean": 0.10698099702184277
  },
  "ucy_zara01": {
    "dataset_name": "ucy_zara01",
    "num_pedestrians": 148,
    "num_frames": 872,
    "duration_seconds": 360.4,
    "speed_mean": 1.0958711807710015,
    "speed_std": 0.33722826186484345,
    "speed_median": 1.1602455692667006,
    "speed_p25": 0.9166675461835148,
    "speed_p75": 1.3037236670087116,
    "speed_p95": 1.5472154221374597,
    "collision_rate": 0.0021747607763146055,
    "near_miss_rate": 0.0575374208837028,
    "total_collisions": 116,
    "total_near_misses": 3069,
    "mean_density": 0.054161960278119196,
    "mean_flow": 0.060891455668448564,
    "path_efficiency_mean": 0.9637002132831982,
    "path_efficiency_std": 0.08496943024962621,
    "heading_jerk_mean": 0.10711463061991099,
    "heading_jerk_std": 0.08302247476197504,
    "speed_variability_mean": 0.1378361616720939,
    "speed_variability_std": 0.12190730479126964,
    "acceleration_mean": 0.1363664277786033,
    "acceleration_std": 0.24321321234298895,
    "min_inter_agent_dist_mean": 1.5708280170066027,
    "min_inter_agent_dist_std": 1.7253695747397262,
    "min_inter_agent_dist_p5": 0.5665889271422803,
    "min_inter_agent_dist_p25": 0.749890158623248,
    "num_groups": 0,
    "group_size_mean": 0.0,
    "group_cohesion_mean": 0.0,
    "group_cohesion_std": 0.0,
    "group_speed_std_mean": 0.0
  },
  "ucy_zara02": {
    "dataset_name": "ucy_zara02",
    "num_pedestrians": 204,
    "num_frames": 1052,
    "duration_seconds": 420.4,
    "speed_mean": 1.1062143184823061,
    "speed_std": 0.3874203596259277,
    "speed_median": 1.1473542663449685,
    "speed_p25": 0.9565283889763834,
    "speed_p75": 1.3383817419063093,
    "speed_p95": 1.6301196466824148,
    "collision_rate": 0.01850478535848212,
    "near_miss_rate": 0.07903304042835023,
    "total_collisions": 1587,
    "total_near_misses": 6778,
    "mean_density": 0.10240304382635614,
    "mean_flow": 0.06829502936025397,
    "path_efficiency_mean": 0.9483894444139154,
    "path_efficiency_std": 0.10214658747692071,
    "heading_jerk_mean": 0.1452276561935155,
    "heading_jerk_std": 0.141566236479763,
    "speed_variability_mean": 0.18304833553860803,
    "speed_variability_std": 0.21216109579593573,
    "acceleration_mean": 0.12468644206959148,
    "acceleration_std": 0.24431373951891502,
    "min_inter_agent_dist_mean": 1.2312580878560173,
    "min_inter_agent_dist_std": 1.3734356631027038,
    "min_inter_agent_dist_p5": 0.43464104730225367,
    "min_inter_agent_dist_p25": 0.5678969008543712,
    "num_groups": 0,
    "group_size_mean": 0.0,
    "group_cohesion_mean": 0.0,
    "group_cohesion_std": 0.0,
    "group_speed_std_mean": 0.0
  },
  "ucy_zara03": {
    "dataset_name": "ucy_zara03",
    "num_pedestrians": 137,
    "num_frames": 754,
    "duration_seconds": 301.2,
    "speed_mean": 1.1045247795757918,
    "speed_std": 0.367330499298696,
    "speed_median": 1.174480215333018,
    "speed_p25": 0.9245438064256328,
    "speed_p75": 1.3576743203023771,
    "speed_p95": 1.5867149558121814,
    "collision_rate": 0.012141216157268736,
    "near_miss_rate": 0.06998768914609203,
    "total_collisions": 501,
    "total_near_misses": 2888,
    "mean_density": 0.060712122688072134,
    "mean_flow": 0.06143166789733657,
    "path_efficiency_mean": 0.9442113896131761,
    "path_efficiency_std": 0.14040169234932914,
    "heading_jerk_mean": 0.12781667042678627,
    "heading_jerk_std": 0.10892472542447731,
    "speed_variability_mean": 0.14264236235580255,
    "speed_variability_std": 0.13843746053534048,
    "acceleration_mean": 0.1422241829375617,
    "acceleration_std": 0.25516023861086257,
    "min_inter_agent_dist_mean": 1.5453615228463804,
    "min_inter_agent_dist_std": 1.857271687976425,
    "min_inter_agent_dist_p5": 0.4076545719110738,
    "min_inter_agent_dist_p25": 0.6245218971341194,
    "num_groups": 0,
    "group_size_mean": 0.0,
    "group_cohesion_mean": 0.0,
    "group_cohesion_std": 0.0,
    "group_speed_std_mean": 0.0
  },
  "ucy_univ_s1": {
    "dataset_name": "ucy_univ_s1",
    "num_pedestrians": 415,
    "num_frames": 444,
    "duration_seconds": 177.2,
    "speed_mean": 0.642659461535564,
    "speed_std": 0.38966224908831504,
    "speed_median": 0.5937689996960115,
    "speed_p25": 0.34300819728929016,
    "speed_p75": 0.8965865118575054,
    "speed_p95": 1.3473439673339505,
    "collision_rate": 0.09406021376703202,
    "near_miss_rate": 0.22909244200277412,
    "total_collisions": 6917,
    "total_near_misses": 16847,
    "mean_density": 0.3515567802643612,
    "mean_flow": 0.17895763495950226,
    "path_efficiency_mean": 0.8697868757010379,
    "path_efficiency_std": 0.15809423673596104,
    "heading_jerk_mean": 0.21973635760667762,
    "heading_jerk_std": 0.11168134292650052,
    "speed_variability_mean": 0.35467742659086826,
    "speed_variability_std": 0.19620972272841034,
    "acceleration_mean": 0.14964693762879808,
    "acceleration_std": 0.2479974890706558,
    "min_inter_agent_dist_mean": 0.8032029886332196,
    "min_inter_agent_dist_std": 0.5535676032497996,
    "min_inter_agent_dist_p5": 0.3008686490213569,
    "min_inter_agent_dist_p25": 0.4596936044802014,
    "num_groups": 0,
    "group_size_mean": 0.0,
    "group_cohesion_mean": 0.0,