{
  "ewap_eth": {
    "dataset_name": "ewap_eth",
    "num_pedestrians": 360,
    "num_frames": 1448,
    "duration_seconds": 773.4000000000001,
    "speed_mean": 1.4403584724404692,
    "speed_std": 0.3989707139395622,
    "speed_median": 1.4883122475764083,
    "speed_p25": 1.282865830130145,
    "speed_p75": 1.682188908483551,
    "speed_p95": 1.9474210098588067,
    "collision_rate": 0.0004309973278165675,
    "near_miss_rate": 0.013856564089302645,
    "total_collisions": 120,
    "total_near_misses": 3858,
    "mean_density": 0.0540088122664227,
    "mean_flow": 0.07973456314752513,
    "path_efficiency_mean": 0.9661327033117183,
    "path_efficiency_std": 0.09834384265760418,
    "heading_jerk_mean": 0.208736819408559,
    "heading_jerk_std": 0.2438475343675625,
    "speed_variability_mean": 0.13535096079134024,
    "speed_variability_std": 0.11729649956382439,
    "acceleration_mean": 0.4043758843526954,
    "acceleration_std": 0.360656207317085,
    "min_inter_agent_dist_mean": 1.8810882861280624,
    "min_inter_agent_dist_std": 1.7800014355268765,
    "min_inter_agent_dist_p5": 0.5978863725407522,
    "min_inter_agent_dist_p25": 0.812045453751574,
    "num_groups": 61,
    "group_size_mean": 2.737704918032787,
    "group_cohesion_mean": 1.0396655649850424,
    "group_cohesion_std": 0.5535238198143095,
    "group_speed_std_mean": 0.08688730210044182
  },
  "ewap_hotel": {
    "dataset_name": "ewap_hotel",
    "num_pedestrians": 390,
    "num_frames": 1168,
    "duration_seconds": 722.4,
    "speed_mean": 1.2838037183715123,
    "speed_std": 0.5293843267610665,
    "speed_median": 1.421656235162179,
    "speed_p25": 1.0253593907902312,
    "speed_p75": 1.6538843811627366,
    "speed_p95": 1.9551219432665001,
    "collision_rate": 0.0010790243348382884,
    "near_miss_rate": 0.009430814663372802,
    "total_collisions": 304,
    "total_near_misses": 2657,
    "mean_density": 0.05884849404778451,
    "mean_flow": 0.073273589184638,
    "path_efficiency_mean": 0.9107188476990824,
    "path_efficiency_std": 0.22544054653458886,
    "heading_jerk_mean": 0.2717869565653533,
    "heading_jerk_std": 0.34538846478467095,
    "speed_variability_mean": 0.13529413133431445,
    "speed_variability_std": 0.15602894936665815,
    "acceleration_mean": 0.27451901435771947,
    "acceleration_std": 0.2390645412287525,
    "min_inter_agent_dist_mean": 1.667842732437374,
    "min_inter_agent_dist_std": 1.382114890442742,
    "min_inter_agent_dist_p5": 0.5078854250701235,
    "min_inter_agent_dist_p25": 0.7568733365996698,
    "num_groups": 41,
    "group_size_mean": 2.073170731707317,
    "group_cohesion_mean": 0.7172411162831736,
    "group_cohesion_std": 0.16312619203209885,
    "group_speed_std_mean": 0.04562083810261507
  },
  "eth_hotel": {
    "dataset_name": "eth_hotel",
    "num_pedestrians": 389,
    "num_frames": 1137,
    "duration_seconds": 722.0,
    "speed_mean": 1.2898012520063773,
    "speed_std": 0.5306792615996333,
    "speed_median": 1.4160421853267648,
    "speed_p25": 1.0167122764700933,
    "speed_p75": 1.6582763076459837,
    "speed_p95": 1.9782995381134771,
    "collision_rate": 0.0010111871479537703,
    "near_miss_rate": 0.008887053243988065,
    "total_collisions": 284,
    "total_near_misses": 2496,
    "mean_density": 0.05837081026325448,
    "mean_flow": 0.07332554346652254,
    "path_efficiency_mean": 0.9099134806304687,
    "path_efficiency_std": 0.2305430626173155,
    "heading_jerk_mean": 0.5178484407767675,
    "heading_jerk_std": 0.39806039022752937,
    "speed_variability_mean": 0.1552690119116195,
    "speed_variability_std": 0.16328806194966577,
    "acceleration_mean": 0.4843843183177079,
    "acceleration_std": 0.4618596794357351,
    "min_inter_agent_dist_mean": 1.652289538034937,
    "min_inter_agent_dist_std": 1.3651893184588129,
    "min_inter_agent_dist_p5": 0.5086329420984673,
    "min_inter_agent_dist_p25": 0.752392882741457,
    "num_groups": 0,
    "group_size_mean": 0.0,
    "group_cohesion_mean": 0.0,
    "group_cohesion_std": 0.0,
    "group_speed_std_mean": 0.0
  },
  "eth_univ": {
    "dataset_name": "eth_univ",
    "num_pedestrians": 360,
    "num_frames": 1448,
    "duration_seconds": 773.4000000000001,
    "speed_mean": 1.4588710440548227,
    "speed_std": 0.4100356065560344,
    "speed_median": 1.491968309816305,
    "speed_p25": 1.2806139579779123,
    "speed_p75": 1.699038934755482,
    "speed_p95": 2.00706368804211,
    "collision_rate": 0.0004309973278165675,
    "near_miss_rate": 0.013856564089302645,
    "total_collisions": 120,
    "total_near_misses": 3858,
    "mean_density": 0.0540088122664227,
    "mean_flow": 0.08000573583449005,
    "path_efficiency_mean": 0.9661210113414251,
    "path_efficiency_std": 0.09835746361383114,
    "heading_jerk_mean": 0.4673077872675037,
    "heading_jerk_std": 0.274597142931803,
    "speed_variability_mean": 0.16305305550296895,
    "speed_variability_std": 0.12496437014763694,
    "acceleration_mean": 0.7357680360807072,
    "acceleration_std": 0.7379700017360072,
    "min_inter_agent_dist_mean": 1.8810892383360045,
    "min_inter_agent_dist_std": 1.7799995683808043,
    "min_inter_agent_dist_p5": 0.5979523894090569,
    "min_inter_agent_dist_p25": 0.8120549365652545,
    "num_groups": 0,
    "group_size_mean": 0.0,
    "group_cohesion_mean": 0.0,
    "group_cohesion_std": 0.0,
    "group_speed_std_mean": 0.0
  },
  "ucy_zara01": {
    "dataset_name": "ucy_zara01",
    "num_pedestrians": 148,
    "num_frames": 872,
    "duration_seconds": 360.4,
    "speed_mean": 1.0958711807710015,
    "speed_std": 0.33722826186484345,
    "speed_median": 1.1602455692667006,
    "speed_p25": 0.9166675461835148,
    "speed_p75": 1.3037236670087116,
    "speed_p95": 1.5472154221374597,
    "collision_rate": 0.0021747607763146055,
    "near_miss_rate": 0.0575374208837028,
    "total_collisions": 116,
    "total_near_misses": 3069,
    "mean_density": 0.054161960278119196,
    "mean_flow": 0.060891455668448564,
    "path_efficiency_mean": 0.9637002132831982,
    "path_efficiency_std": 0.08496943024962621,
    "heading_jerk_mean": 0.10711463061991099,
    "heading_jerk_std": 0.08302247476197504,
    "speed_variability_mean": 0.1378361616720939,
    "speed_variability_std": 0.12190730479126964,
    "acceleration_mean": 0.1363664277786033,
    "acceleration_std": 0.24321321234298895,
    "min_inter_agent_dist_mean": 1.5708280170066027,
    "min_inter_agent_dist_std": 1.7253695747397262,
    "min_inter_agent_dist_p5": 0.5665889271422803,
    "min_inter_agent_dist_p25": 0.749890158623248,
    "num_groups": 0,
    "group_size_mean": 0.0,
    "group_cohesion_mean": 0.0,
    "group_cohesion_std": 0.0,
    "group_speed_std_mean": 0.0
  },
  "ucy_zara02": {
    "dataset_name": "ucy_zara02",
    "num_pedestrians": 204,
    "num_frames": 1052,
    "duration_seconds": 420.4,
    "speed_mean": 1.1062143184823061,
    "speed_std": 0.3874203596259277,
    "speed_median": 1.1473542663449685,
    "speed_p25": 0.9565283889763834,
    "speed_p75": 1.3383817419063093,
    "speed_p95": 1.6301196466824148,
    "collision_rate": 0.01850478535848212,
    "near_miss_rate": 0.07903304042835023,
    "total_collisions": 1587,
    "total_near_misses": 6778,
    "mean_density": 0.10240304382635614,
    "mean_flow": 0.06829502936025397,
    "path_efficiency_mean": 0.9483894444139154,
    "path_efficiency_std": 0.10214658747692071,
    "heading_jerk_mean": 0.1452276561935155,
    "heading_jerk_std": 0.141566236479763,
    "speed_variability_mean": 0.18304833553860803,
    "speed_variability_std": 0.21216109579593573,
    "acceleration_mean": 0.12468644206959148,
    "acceleration_std": 0.24431373951891502,
    "min_inter_agent_dist_mean": 1.2312580878560173,
    "min_inter_agent_dist_std": 1.3734356631027038,
    "min_inter_agent_dist_p5": 0.43464104730225367,
    "min_inter_agent_dist_p25": 0.5678969008543712,
    "num_groups": 0,
    "group_size_mean": 0.0,
    "group_cohesion_mean": 0.0,